,airline,flight,source_city,departure_time,stops,arrival_time,destination_city,class,duration,days_left,price,date
0,SpiceJet,SG-8709,Delhi,Evening,zero,Night,Mumbai,Economy,2.17,1,5953,1/1/2018
1,SpiceJet,SG-8157,Delhi,Early_Morning,zero,Morning,Mumbai,Economy,2.33,1,5953,2/1/2018
2,AirAsia,I5-764,Delhi,Early_Morning,zero,Early_Morning,Mumbai,Economy,2.17,1,5956,3/1/2018
3,Vistara,UK-995,Delhi,Morning,zero,Afternoon,Mumbai,Economy,2.25,1,5955,4/1/2018
4,Vistara,UK-963,Delhi,Morning,zero,Morning,Mumbai,Economy,2.33,1,5955,5/1/2018
5,Vistara,UK-945,Delhi,Morning,zero,Afternoon,Mumbai,Economy,2.33,1,5955,6/1/2018
6,Vistara,UK-927,Delhi,Morning,zero,Morning,Mumbai,Economy,2.08,1,6060,7/1/2018
7,Vistara,UK-951,Delhi,Afternoon,zero,Evening,Mumbai,Economy,2.17,1,6060,8/1/2018
8,GO_FIRST,G8-334,Delhi,Early_Morning,zero,Morning,Mumbai,Economy,2.17,1,5954,9/1/2018
9,GO_FIRST,G8-336,Delhi,Afternoon,zero,Evening,Mumbai,Economy,2.25,1,5954,10/1/2018
10,GO_FIRST,G8-392,Delhi,Afternoon,zero,Evening,Mumbai,Economy,2.25,1,5954,11/1/2018
11,GO_FIRST,G8-338,Delhi,Morning,zero,Afternoon,Mumbai,Economy,2.33,1,5954,12/1/2018
12,Indigo,6E-5001,Delhi,Early_Morning,zero,Morning,Mumbai,Economy,2.17,1,5955,13-01-2018
13,Indigo,6E-6202,Delhi,Morning,zero,Afternoon,Mumbai,Economy,2.17,1,5955,14-01-2018
14,Indigo,6E-549,Delhi,Afternoon,zero,Evening,Mumbai,Economy,2.25,1,5955,15-01-2018
15,Indigo,6E-6278,Delhi,Morning,zero,Morning,Mumbai,Economy,2.33,1,5955,16-01-2018
16,Air_India,AI-887,Delhi,Early_Morning,zero,Morning,Mumbai,Economy,2.08,1,5955,17-01-2018
17,Air_India,AI-665,Delhi,Early_Morning,zero,Morning,Mumbai,Economy,2.17,1,5955,18-01-2018
18,AirAsia,I5-747,Delhi,Evening,one,Early_Morning,Mumbai,Economy,12.25,1,5949,19-01-2018
19,AirAsia,I5-747,Delhi,Evening,one,Morning,Mumbai,Economy,16.33,1,5949,20-01-2018
20,GO_FIRST,G8-266,Delhi,Early_Morning,one,Evening,Mumbai,Economy,11.75,1,5954,21-01-2018
21,GO_FIRST,G8-101,Delhi,Early_Morning,one,Night,Mumbai,Economy,14.5,1,5954,22-01-2018
22,GO_FIRST,G8-103,Delhi,Evening,one,Morning,Mumbai,Economy,15.67,1,5954,23-01-2018
23,Air_India,AI-441,Delhi,Evening,one,Night,Mumbai,Economy,3.75,1,5955,24-01-2018
24,Indigo,6E-5328,Delhi,Morning,zero,Morning,Mumbai,Economy,2.5,1,6165,25-01-2018
25,Vistara,UK-933,Delhi,Afternoon,zero,Evening,Mumbai,Economy,2.17,1,6690,26-01-2018
26,Indigo,6E-2046,Delhi,Evening,zero,Evening,Mumbai,Economy,2.17,1,6585,27-01-2018
27,AirAsia,I5-744,Delhi,Morning,one,Afternoon,Mumbai,Economy,5.83,1,8869,28-01-2018
28,SpiceJet,SG-8169,Delhi,Evening,zero,Night,Mumbai,Economy,2.33,1,10260,29-01-2018
29,Indigo,6E-5041,Delhi,Evening,zero,Night,Mumbai,Economy,2.17,1,10470,30-01-2018
30,GO_FIRST,G8-165,Delhi,Early_Morning,one,Afternoon,Mumbai,Economy,8,1,10575,31-01-2018
31,Indigo,6E-2373,Delhi,Afternoon,one,Evening,Mumbai,Economy,6,1,10838,1/2/2018
32,Vistara,UK-813,Delhi,Evening,one,Morning,Mumbai,Economy,14.67,1,12150,2/2/2018
33,Vistara,UK-817,Delhi,Evening,one,Morning,Mumbai,Economy,16.17,1,12150,3/1/1900
34,Vistara,UK-819,Delhi,Afternoon,one,Morning,Mumbai,Economy,18,1,12150,4/1/1900
35,Vistara,UK-801,Delhi,Morning,one,Morning,Mumbai,Economy,23.17,1,12150,5/2/2018
36,Vistara,UK-815,Delhi,Morning,one,Morning,Mumbai,Economy,24.17,1,12150,6/2/2018
37,Air_India,AI-453,Delhi,Early_Morning,one,Afternoon,Mumbai,Economy,8.83,1,11900,7/2/2018
38,SpiceJet,SG-2976,Delhi,Evening,one,Night,Mumbai,Economy,4.5,1,12123,8/2/2018
39,SpiceJet,SG-2976,Delhi,Evening,one,Morning,Mumbai,Economy,15.25,1,12123,9/2/2018
40,Air_India,AI-504,Delhi,Night,one,Morning,Mumbai,Economy,11,1,12150,10/2/2018
41,Air_India,AI-502,Delhi,Afternoon,one,Morning,Mumbai,Economy,19.08,1,12150,11/2/2018
42,Air_India,AI-506,Delhi,Morning,one,Morning,Mumbai,Economy,22.83,1,12150,12/2/2018
43,Air_India,AI-803,Delhi,Early_Morning,one,Morning,Mumbai,Economy,26.42,1,12150,13-02-2018
44,Air_India,AI-479,Delhi,Night,one,Afternoon,Mumbai,Economy,17.75,1,12215,14-02-2018
45,SpiceJet,SG-339,Delhi,Evening,one,Afternoon,Mumbai,Economy,19.58,1,12230,15-02-2018
46,Vistara,UK-955,Delhi,Evening,zero,Night,Mumbai,Economy,2.33,1,12780,16-02-2018
47,Vistara,UK-627,Delhi,Afternoon,one,Afternoon,Mumbai,Economy,26.67,1,12885,17-02-2018
48,AirAsia,I5-784,Delhi,Evening,one,Early_Morning,Mumbai,Economy,15.17,1,12539,18-02-2018
49,Air_India,AI-9643,Delhi,Evening,one,Afternoon,Mumbai,Economy,20.83,1,12938,19-02-2018
50,Air_India,AI-540,Delhi,Night,one,Morning,Mumbai,Economy,11.42,1,12990,20-02-2018
51,Air_India,AI-429,Delhi,Morning,one,Morning,Mumbai,Economy,22.25,1,12990,21-02-2018
52,Air_India,AI-439,Delhi,Early_Morning,one,Morning,Mumbai,Economy,26,1,12990,22-02-2018
53,Air_India,AI-9645,Delhi,Afternoon,one,Afternoon,Mumbai,Economy,21.75,1,13086,23-02-2018
54,Indigo,6E-2193,Delhi,Afternoon,one,Evening,Mumbai,Economy,3.83,1,13279,24-02-2018
55,Indigo,6E-2168,Delhi,Evening,one,Night,Mumbai,Economy,4.42,1,13279,25-02-2018
56,Indigo,6.00E-152,Delhi,Morning,one,Evening,Mumbai,Economy,7.67,1,13279,26-02-2018
57,Indigo,6E-2193,Delhi,Afternoon,one,Night,Mumbai,Economy,8.33,1,13279,27-02-2018
58,Indigo,6E-369,Delhi,Night,one,Morning,Mumbai,Economy,10.42,1,13279,28-02-2018
59,Vistara,UK-899,Delhi,Afternoon,one,Afternoon,Mumbai,Economy,23.75,1,13673,1/3/2018
60,Air_India,AI-764,Delhi,Evening,one,Afternoon,Mumbai,Economy,19.5,1,13410,2/3/2018
61,Vistara,UK-747,Delhi,Early_Morning,one,Afternoon,Mumbai,Economy,6.5,1,13935,3/3/2018
62,Vistara,UK-809,Delhi,Evening,one,Morning,Mumbai,Economy,12.42,1,14040,4/3/2018
63,Vistara,UK-737,Delhi,Afternoon,one,Afternoon,Mumbai,Economy,21.08,1,14040,5/3/2018
64,Vistara,UK-813,Delhi,Evening,one,Night,Mumbai,Economy,26.67,1,14093,6/3/2018
65,Vistara,UK-817,Delhi,Evening,one,Night,Mumbai,Economy,28.17,1,14093,7/3/2018
66,Vistara,UK-813,Delhi,Evening,one,Night,Mumbai,Economy,28.25,1,14093,8/3/2018
67,Indigo,6E-2338,Delhi,Afternoon,one,Night,Mumbai,Economy,8,1,13767,9/3/2018
68,GO_FIRST,G8-237,Delhi,Afternoon,one,Night,Mumbai,Economy,9.25,1,13932,10/3/2018
69,Vistara,UK-871,Delhi,Night,one,Afternoon,Mumbai,Economy,17.92,1,14408,11/3/2018
70,Vistara,UK-871,Delhi,Night,one,Night,Mumbai,Economy,26.42,1,14408,12/3/2018
71,Air_India,AI-762,Delhi,Night,one,Afternoon,Mumbai,Economy,16.17,1,14250,13-03-2018
72,GO_FIRST,G8-1404,Delhi,Morning,one,Evening,Mumbai,Economy,7.08,1,14539,14-03-2018
73,Vistara,UK-747,Delhi,Early_Morning,one,Night,Mumbai,Economy,13.83,1,14985,15-03-2018
74,Air_India,AI-512,Delhi,Afternoon,one,Night,Mumbai,Economy,7.58,1,14670,16-03-2018
75,Air_India,AI-537,Delhi,Evening,one,Morning,Mumbai,Economy,15.83,1,15195,17-03-2018
76,Vistara,UK-977,Delhi,Evening,zero,Night,Mumbai,Economy,2.25,1,15720,18-03-2018
77,Vistara,UK-809,Delhi,Evening,one,Night,Mumbai,Economy,24.42,1,15983,19-03-2018
78,Vistara,UK-809,Delhi,Evening,one,Night,Mumbai,Economy,26,1,15983,20-03-2018
79,Indigo,6.00E-184,Delhi,Morning,one,Afternoon,Mumbai,Economy,4.17,1,15720,21-03-2018
80,SpiceJet,SG-3002,Delhi,Early_Morning,one,Morning,Mumbai,Economy,4.25,1,15720,22-03-2018
81,Indigo,6E-2102,Delhi,Early_Morning,one,Afternoon,Mumbai,Economy,5.08,1,15720,23-03-2018
82,Air_India,AI-801,Delhi,Evening,one,Night,Mumbai,Economy,29.33,1,16245,24-03-2018
83,Vistara,UK-637,Delhi,Evening,one,Night,Mumbai,Economy,4.42,1,16613,25-03-2018
84,Vistara,UK-747,Delhi,Early_Morning,one,Night,Mumbai,Economy,17,1,16665,26-03-2018
85,Vistara,UK-835,Delhi,Evening,one,Night,Mumbai,Economy,26.67,1,16665,27-03-2018
86,Air_India,AI-764,Delhi,Evening,one,Night,Mumbai,Economy,27.17,1,16455,28-03-2018
87,Air_India,AI-531,Delhi,Evening,one,Night,Mumbai,Economy,24.75,1,16665,29-03-2018
88,Vistara,UK-817,Delhi,Evening,one,Night,Mumbai,Economy,5.75,1,17348,30-03-2018
89,Vistara,UK-819,Delhi,Afternoon,one,Night,Mumbai,Economy,7.58,1,17348,31-03-2018
90,Vistara,UK-801,Delhi,Morning,one,Night,Mumbai,Economy,12.75,1,17348,1/4/2018
91,Vistara,UK-815,Delhi,Morning,one,Night,Mumbai,Economy,13.75,1,17348,2/4/2018
92,Vistara,UK-813,Delhi,Evening,one,Morning,Mumbai,Economy,17.83,1,17348,3/4/2018
93,Vistara,UK-705,Delhi,Early_Morning,one,Afternoon,Mumbai,Economy,5.5,1,17400,4/4/2018
94,Vistara,UK-707,Delhi,Evening,one,Afternoon,Mumbai,Economy,19.5,1,17505,5/4/2018
95,Vistara,UK-737,Delhi,Afternoon,one,Night,Mumbai,Economy,7.58,1,17610,6/4/2018
96,Air_India,AI-762,Delhi,Night,one,Night,Mumbai,Economy,23.83,1,17295,7/4/2018
97,Vistara,UK-673,Delhi,Afternoon,one,Evening,Mumbai,Economy,5,1,17663,8/4/2018
98,Air_India,AI-839,Delhi,Night,one,Night,Mumbai,Economy,26.5,1,18030,9/4/2018
99,Vistara,UK-879,Delhi,Evening,one,Afternoon,Mumbai,Economy,20.83,1,18398,10/4/2018
100,Vistara,UK-705,Delhi,Early_Morning,one,Night,Mumbai,Economy,12.83,1,18450,11/4/2018
101,GO_FIRST,G8-191,Delhi,Morning,one,Evening,Mumbai,Economy,8.92,1,18487,12/4/2018
102,Vistara,UK-819,Delhi,Afternoon,one,Night,Mumbai,Economy,6,1,18923,13-04-2018
103,Vistara,UK-801,Delhi,Morning,one,Night,Mumbai,Economy,11.17,1,18923,14-04-2018
104,Vistara,UK-815,Delhi,Morning,one,Night,Mumbai,Economy,12.17,1,18923,15-04-2018
105,Vistara,UK-809,Delhi,Evening,one,Morning,Mumbai,Economy,15.58,1,19238,16-04-2018
106,Vistara,UK-835,Delhi,Evening,one,Morning,Mumbai,Economy,15.75,1,19920,17-04-2018
107,Air_India,AI-767,Delhi,Afternoon,one,Night,Mumbai,Economy,7.92,1,19710,18-04-2018
108,Air_India,AI-401,Delhi,Early_Morning,one,Night,Mumbai,Economy,13.25,1,19710,19-04-2018
109,Vistara,UK-705,Delhi,Early_Morning,one,Night,Mumbai,Economy,16,1,20130,20-04-2018
110,Air_India,AI-473,Delhi,Evening,one,Evening,Mumbai,Economy,22.75,1,19815,21-04-2018
111,Vistara,UK-707,Delhi,Evening,one,Night,Mumbai,Economy,6,1,21075,22-04-2018
112,GO_FIRST,G8-213,Delhi,Morning,one,Evening,Mumbai,Economy,6.33,1,21111,23-04-2018
113,Air_India,AI-409,Delhi,Morning,one,Evening,Mumbai,Economy,7.25,1,23206,24-04-2018
114,Air_India,AI-429,Delhi,Morning,one,Afternoon,Mumbai,Economy,30.08,1,24540,25-04-2018
115,Air_India,AI-401,Delhi,Early_Morning,one,Evening,Mumbai,Economy,11,1,25800,26-04-2018
116,Vistara,UK-837,Delhi,Evening,one,Morning,Mumbai,Economy,18.25,1,27270,27-04-2018
117,Air_India,AI-877,Delhi,Morning,one,Evening,Mumbai,Economy,6.08,1,29580,28-04-2018
118,SpiceJet,SG-8803,Delhi,Early_Morning,zero,Morning,Mumbai,Economy,2.25,2,5953,29-04-2018
119,SpiceJet,SG-8169,Delhi,Evening,zero,Night,Mumbai,Economy,2.33,2,5953,30-04-2018
120,Vistara,UK-927,Delhi,Morning,zero,Morning,Mumbai,Economy,2.08,2,5955,1/5/2018
121,Vistara,UK-985,Delhi,Evening,zero,Night,Mumbai,Economy,2.17,2,5955,2/5/2018
122,Vistara,UK-977,Delhi,Evening,zero,Night,Mumbai,Economy,2.25,2,5955,3/5/2018
123,Vistara,UK-963,Delhi,Morning,zero,Morning,Mumbai,Economy,2.33,2,5955,4/5/2018
124,Vistara,UK-955,Delhi,Evening,zero,Night,Mumbai,Economy,2.33,2,5955,5/5/2018
125,Vistara,UK-953,Delhi,Night,zero,Night,Mumbai,Economy,2.17,2,6060,6/5/2018
126,GO_FIRST,G8-334,Delhi,Early_Morning,zero,Morning,Mumbai,Economy,2.17,2,5954,7/5/2018
127,GO_FIRST,G8-336,Delhi,Afternoon,zero,Evening,Mumbai,Economy,2.25,2,5954,8/5/2018
128,GO_FIRST,G8-346,Delhi,Evening,zero,Night,Mumbai,Economy,2.25,2,5954,9/5/2018
129,GO_FIRST,G8-330,Delhi,Night,zero,Night,Mumbai,Economy,2.25,2,5954,10/5/2018
130,GO_FIRST,G8-338,Delhi,Morning,zero,Afternoon,Mumbai,Economy,2.33,2,5954,11/5/2018
131,GO_FIRST,G8-323,Delhi,Evening,zero,Night,Mumbai,Economy,2.33,2,5954,12/5/2018
132,Indigo,6E-5001,Delhi,Early_Morning,zero,Morning,Mumbai,Economy,2.17,2,5955,13-05-2018
133,Indigo,6E-2046,Delhi,Evening,zero,Evening,Mumbai,Economy,2.17,2,5955,14-05-2018
134,Indigo,6E-5041,Delhi,Evening,zero,Night,Mumbai,Economy,2.17,2,5955,15-05-2018
135,Indigo,6.00E-218,Delhi,Morning,zero,Afternoon,Mumbai,Economy,2.25,2,5955,16-05-2018
136,Indigo,6E-549,Delhi,Afternoon,zero,Evening,Mumbai,Economy,2.25,2,5955,17-05-2018
137,Indigo,6E-6722,Delhi,Night,zero,Night,Mumbai,Economy,2.25,2,5955,18-05-2018
138,SpiceJet,SG-8157,Delhi,Early_Morning,zero,Morning,Mumbai,Economy,2.33,2,5955,19-05-2018
139,Indigo,6E-6278,Delhi,Morning,zero,Morning,Mumbai,Economy,2.33,2,5955,20-05-2018
140,Indigo,6E-5328,Delhi,Morning,zero,Morning,Mumbai,Economy,2.5,2,5955,21-05-2018
141,AirAsia,I5-764,Delhi,Early_Morning,zero,Early_Morning,Mumbai,Economy,2.17,2,5956,22-05-2018
142,Air_India,AI-868,Delhi,Evening,zero,Evening,Mumbai,Economy,2,2,5955,20-05-2018
143,Air_India,AI-887,Delhi,Early_Morning,zero,Morning,Mumbai,Economy,2.08,2,5955,23-05-2018
144,Air_India,AI-665,Delhi,Early_Morning,zero,Morning,Mumbai,Economy,2.17,2,5955,25-05-2018
145,Air_India,AI-805,Delhi,Evening,zero,Night,Mumbai,Economy,2.17,2,5955,26-05-2018
146,Air_India,AI-624,Delhi,Evening,zero,Night,Mumbai,Economy,2.25,2,5955,27-05-2018
147,AirAsia,I5-747,Delhi,Evening,one,Early_Morning,Mumbai,Economy,12.25,2,5949,28-05-2018
148,AirAsia,I5-747,Delhi,Evening,one,Morning,Mumbai,Economy,16.33,2,5949,29-05-2018
149,GO_FIRST,G8-188,Delhi,Early_Morning,one,Night,Mumbai,Economy,12.33,2,5954,30-05-2018
150,GO_FIRST,G8-103,Delhi,Evening,one,Early_Morning,Mumbai,Economy,12.33,2,5954,31-05-2018
151,Air_India,AI-636,Delhi,Afternoon,one,Evening,Mumbai,Economy,3.5,2,5955,1/6/2018
152,Air_India,AI-441,Delhi,Evening,one,Night,Mumbai,Economy,3.75,2,5955,2/6/2018
153,Vistara,UK-995,Delhi,Morning,zero,Afternoon,Mumbai,Economy,2.25,2,6375,3/6/2018
154,Vistara,UK-951,Delhi,Afternoon,zero,Evening,Mumbai,Economy,2.17,2,7530,4/6/2018
155,Vistara,UK-933,Delhi,Afternoon,zero,Evening,Mumbai,Economy,2.17,2,7530,5/6/2018
156,Vistara,UK-945,Delhi,Morning,zero,Afternoon,Mumbai,Economy,2.33,2,7530,6/6/2018
157,AirAsia,I5-784,Delhi,Evening,one,Early_Morning,Mumbai,Economy,15.17,2,7419,7/6/2018
158,Indigo,6E-6202,Delhi,Morning,zero,Afternoon,Mumbai,Economy,2.17,2,7845,8/6/2018
159,Indigo,6E-2022,Delhi,Early_Morning,one,Evening,Mumbai,Economy,10.25,2,8396,9/6/2018
160,SpiceJet,SG-2976,Delhi,Evening,one,Night,Mumbai,Economy,4.5,2,8869,10/6/2018
161,SpiceJet,SG-2976,Delhi,Evening,one,Morning,Mumbai,Economy,15.25,2,9183,11/6/2018
162,Air_India,AI-469,Delhi,Early_Morning,one,Afternoon,Mumbai,Economy,7.25,2,9840,12/6/2018
163,Air_India,AI-542,Delhi,Morning,one,Night,Mumbai,Economy,14.17,2,9840,13-06-2018
164,Air_India,AI-560,Delhi,Morning,one,Night,Mumbai,Economy,15.75,2,9840,14-06-2018
165,Vistara,UK-683,Delhi,Afternoon,one,Afternoon,Mumbai,Economy,25.58,2,10566,15-06-2018
166,Air_India,AI-403,Delhi,Afternoon,one,Evening,Mumbai,Economy,6.33,2,10303,16-06-2018
167,Indigo,6E-2154,Delhi,Morning,one,Afternoon,Mumbai,Economy,4.08,2,10523,17-06-2018
168,Air_India,AI-9843,Delhi,Early_Morning,one,Afternoon,Mumbai,Economy,9.75,2,10523,18-06-2018
169,Vistara,UK-871,Delhi,Night,one,Night,Mumbai,Economy,26.42,2,11048,19-06-2018
170,Indigo,6E-2168,Delhi,Evening,one,Night,Mumbai,Economy,4.42,2,10838,20-06-2018
171,Indigo,6E-2193,Delhi,Afternoon,one,Night,Mumbai,Economy,8.33,2,10838,21-06-2018
172,Indigo,6E-369,Delhi,Night,one,Morning,Mumbai,Economy,10.42,2,10838,22-06-2018
173,Air_India,AI-544,Delhi,Evening,one,Night,Mumbai,Economy,6.67,2,11100,23-06-2018
174,Indigo,6E-2338,Delhi,Afternoon,one,Night,Mumbai,Economy,8,2,11326,24-06-2018
175,Indigo,6.00E-282,Delhi,Morning,two_or_more,Evening,Mumbai,Economy,9.67,2,11678,25-06-2018
176,Vistara,UK-809,Delhi,Evening,one,Morning,Mumbai,Economy,12.42,2,12150,26-06-2018
177,Vistara,UK-813,Delhi,Evening,one,Morning,Mumbai,Economy,14.67,2,12150,27-06-2018
178,Vistara,UK-817,Delhi,Evening,one,Morning,Mumbai,Economy,16.17,2,12150,28-06-2018
179,Vistara,UK-815,Delhi,Morning,one,Morning,Mumbai,Economy,24.17,2,12150,29-06-2018
180,Indigo,6E-2193,Delhi,Afternoon,one,Evening,Mumbai,Economy,3.83,2,11814,30-06-2018
181,Indigo,6.00E-152,Delhi,Morning,one,Evening,Mumbai,Economy,7.67,2,11814,1/7/2018
182,Air_India,AI-453,Delhi,Early_Morning,one,Afternoon,Mumbai,Economy,10.08,2,11900,2/7/2018
183,Vistara,UK-859,Delhi,Morning,one,Night,Mumbai,Economy,12.58,2,12308,3/7/2018
184,Vistara,UK-637,Delhi,Evening,one,Night,Mumbai,Economy,4.42,2,12570,4/7/2018
185,Vistara,UK-801,Delhi,Morning,one,Morning,Mumbai,Economy,23.17,2,12570,5/7/2018
186,Vistara,UK-829,Delhi,Early_Morning,one,Afternoon,Mumbai,Economy,7,2,12623,6/7/2018
187,Vistara,UK-899,Delhi,Afternoon,one,Night,Mumbai,Economy,8.25,2,12623,7/7/2018
188,Vistara,UK-829,Delhi,Early_Morning,one,Night,Mumbai,Economy,15.5,2,12623,8/7/2018
189,Air_India,AI-9857,Delhi,Early_Morning,one,Afternoon,Mumbai,Economy,7.25,2,12298,9/7/2018
190,Indigo,6E-607,Delhi,Night,one,Morning,Mumbai,Economy,10.17,2,12302,10/7/2018
191,Air_India,AI-504,Delhi,Night,one,Night,Mumbai,Economy,23.5,2,12465,11/7/2018
192,Vistara,UK-819,Delhi,Afternoon,one,Morning,Mumbai,Economy,18,2,12990,12/7/2018
193,Air_India,AI-885,Delhi,Morning,one,Late_Night,Mumbai,Economy,13.25,2,12675,13-07-2018
194,SpiceJet,SG-2277,Delhi,Afternoon,one,Evening,Mumbai,Economy,25.75,2,12850,14-07-2018
195,Air_India,AI-540,Delhi,Night,one,Morning,Mumbai,Economy,11.42,2,12990,15-07-2018
196,Air_India,AI-885,Delhi,Morning,one,Night,Mumbai,Economy,11.5,2,12990,16-07-2018
197,Air_India,AI-762,Delhi,Night,one,Afternoon,Mumbai,Economy,16.17,2,12990,17-07-2018
198,Air_India,AI-764,Delhi,Evening,one,Afternoon,Mumbai,Economy,19.5,2,12990,18-07-2018
199,Air_India,AI-885,Delhi,Morning,one,Morning,Mumbai,Economy,21.42,2,12990,19-07-2018
200,GO_FIRST,G8-719,Delhi,Early_Morning,one,Night,Mumbai,Economy,14.25,2,13069,20-07-2018
201,GO_FIRST,G8-188,Delhi,Early_Morning,one,Afternoon,Mumbai,Economy,7.75,2,13321,21-07-2018
202,Vistara,UK-879,Delhi,Evening,one,Night,Mumbai,Economy,5.33,2,13673,22-07-2018
203,Vistara,UK-737,Delhi,Afternoon,one,Afternoon,Mumbai,Economy,21.08,2,13830,23-07-2018
204,Vistara,UK-817,Delhi,Evening,one,Night,Mumbai,Economy,5.75,2,14093,24-07-2018
205,Vistara,UK-815,Delhi,Morning,one,Night,Mumbai,Economy,12.17,2,14093,25-07-2018
206,Vistara,UK-815,Delhi,Morning,one,Night,Mumbai,Economy,13.75,2,14093,26-07-2018
207,Air_India,AI-537,Delhi,Evening,one,Morning,Mumbai,Economy,15.83,2,13830,27-07-2018
208,GO_FIRST,G8-266,Delhi,Early_Morning,one,Evening,Mumbai,Economy,11.75,2,14129,28-07-2018
209,Vistara,UK-801,Delhi,Morning,one,Night,Mumbai,Economy,11.17,2,14513,29-07-2018
210,Vistara,UK-801,Delhi,Morning,one,Night,Mumbai,Economy,12.75,2,14513,30-07-2018
211,Air_India,AI-885,Delhi,Morning,one,Evening,Mumbai,Economy,5.67,2,14250,31-07-2018
212,GO_FIRST,G8-119,Delhi,Evening,one,Morning,Mumbai,Economy,15.17,2,14409,1/8/2018
213,GO_FIRST,G8-717,Delhi,Evening,one,Night,Mumbai,Economy,4.75,2,14487,2/8/2018
214,Vistara,UK-819,Delhi,Afternoon,one,Night,Mumbai,Economy,6,2,14933,3/8/2018
215,Vistara,UK-819,Delhi,Afternoon,one,Night,Mumbai,Economy,7.58,2,14933,4/8/2018
216,Vistara,UK-706,Delhi,Afternoon,one,Night,Mumbai,Economy,7.92,2,15038,5/8/2018
217,Vistara,UK-809,Delhi,Evening,one,Morning,Mumbai,Economy,15.58,2,15353,6/8/2018
218,Vistara,UK-813,Delhi,Evening,one,Morning,Mumbai,Economy,17.83,2,15353,7/8/2018
219,Vistara,UK-817,Delhi,Evening,one,Morning,Mumbai,Economy,19.33,2,15353,8/8/2018
220,Vistara,UK-809,Delhi,Evening,one,Night,Mumbai,Economy,26,2,15353,9/8/2018
221,Vistara,UK-813,Delhi,Evening,one,Night,Mumbai,Economy,28.25,2,15353,10/8/2018
222,GO_FIRST,G8-1404,Delhi,Morning,one,Evening,Mumbai,Economy,7.08,2,15117,11/8/2018
223,Air_India,AI-439,Delhi,Early_Morning,one,Morning,Mumbai,Economy,26,2,15195,12/8/2018
224,Indigo,6E-2102,Delhi,Early_Morning,one,Afternoon,Mumbai,Economy,5.08,2,15232,13-08-2018
225,Air_India,AI-465,Delhi,Evening,one,Night,Mumbai,Economy,6.25,2,15510,14-08-2018
226,Indigo,6.00E-184,Delhi,Morning,one,Afternoon,Mumbai,Economy,4.17,2,15720,15-08-2018
227,SpiceJet,SG-3002,Delhi,Early_Morning,one,Morning,Mumbai,Economy,4.25,2,15720,16-08-2018
228,Indigo,6E-5018,Delhi,Afternoon,one,Night,Mumbai,Economy,10.33,2,15720,17-08-2018
229,Air_India,AI-401,Delhi,Early_Morning,one,Night,Mumbai,Economy,13.25,2,16035,18-08-2018
230,Vistara,UK-839,Delhi,Afternoon,one,Night,Mumbai,Economy,9.08,2,16560,19-08-2018
231,Vistara,UK-833,Delhi,Early_Morning,one,Night,Mumbai,Economy,15.42,2,16560,20-08-2018
232,GO_FIRST,G8-165,Delhi,Early_Morning,one,Afternoon,Mumbai,Economy,8,2,16823,21-08-2018
233,Vistara,UK-809,Delhi,Evening,one,Night,Mumbai,Economy,24.42,2,17348,22-08-2018
234,Vistara,UK-813,Delhi,Evening,one,Night,Mumbai,Economy,26.67,2,17348,23-08-2018
235,GO_FIRST,G8-237,Delhi,Afternoon,one,Night,Mumbai,Economy,9.25,2,17136,24-08-2018
236,Air_India,AI-762,Delhi,Night,one,Night,Mumbai,Economy,23.83,2,18135,25-08-2018
237,Air_India,AI-764,Delhi,Evening,one,Night,Mumbai,Economy,27.17,2,18135,26-08-2018
238,Vistara,UK-673,Delhi,Afternoon,one,Evening,Mumbai,Economy,5,2,19343,27-08-2018
239,Vistara,UK-627,Delhi,Afternoon,one,Afternoon,Mumbai,Economy,26.67,2,19553,28-08-2018
240,Vistara,UK-705,Delhi,Early_Morning,one,Afternoon,Mumbai,Economy,6.5,2,19815,29-08-2018
241,Air_India,AI-406,Delhi,Morning,one,Afternoon,Mumbai,Economy,4.83,2,20445,30-08-2018
242,Air_India,AI-9809,Delhi,Afternoon,one,Afternoon,Mumbai,Economy,25.83,2,21180,31-08-2018
243,Air_India,AI-512,Delhi,Afternoon,one,Night,Mumbai,Economy,8.92,2,22335,1/9/2018
244,GO_FIRST,G8-286,Delhi,Morning,one,Evening,Mumbai,Economy,7.5,2,23281,2/9/2018
245,GO_FIRST,G8-286,Delhi,Morning,one,Evening,Mumbai,Economy,8.83,2,23281,3/9/2018
246,Vistara,UK-847,Delhi,Morning,one,Afternoon,Mumbai,Economy,27.58,2,24488,4/9/2018
247,Air_India,AI-411,Delhi,Early_Morning,one,Afternoon,Mumbai,Economy,8,2,24855,5/9/2018
248,Vistara,UK-737,Delhi,Afternoon,one,Night,Mumbai,Economy,28.42,2,25905,6/9/2018
249,Vistara,UK-705,Delhi,Early_Morning,one,Night,Mumbai,Economy,13.83,2,29160,7/9/2018
250,Air_India,AI-877,Delhi,Morning,one,Evening,Mumbai,Economy,6.42,2,29580,8/9/2018
251,SpiceJet,SG-8803,Delhi,Early_Morning,zero,Morning,Mumbai,Economy,2.25,3,5953,9/9/2018
252,SpiceJet,SG-8157,Delhi,Early_Morning,zero,Morning,Mumbai,Economy,2.33,3,5953,10/9/2018
253,SpiceJet,SG-8169,Delhi,Evening,zero,Night,Mumbai,Economy,2.33,3,5953,11/9/2018
254,Vistara,UK-927,Delhi,Morning,zero,Morning,Mumbai,Economy,2.08,3,5955,12/9/2018
255,Vistara,UK-995,Delhi,Morning,zero,Afternoon,Mumbai,Economy,2.25,3,5955,13-09-2018
256,Vistara,UK-963,Delhi,Morning,zero,Morning,Mumbai,Economy,2.33,3,5955,14-09-2018
257,GO_FIRST,G8-334,Delhi,Early_Morning,zero,Morning,Mumbai,Economy,2.17,3,5954,15-09-2018
258,GO_FIRST,G8-346,Delhi,Evening,zero,Night,Mumbai,Economy,2.25,3,5954,16-09-2018
259,GO_FIRST,G8-338,Delhi,Morning,zero,Afternoon,Mumbai,Economy,2.33,3,5954,17-09-2018
260,GO_FIRST,G8-323,Delhi,Evening,zero,Night,Mumbai,Economy,2.33,3,5954,18-09-2018
261,Indigo,6E-5001,Delhi,Early_Morning,zero,Morning,Mumbai,Economy,2.17,3,5955,19-09-2018
262,Indigo,6.00E-218,Delhi,Morning,zero,Afternoon,Mumbai,Economy,2.25,3,5955,20-09-2018
263,Indigo,6E-6278,Delhi,Morning,zero,Morning,Mumbai,Economy,2.33,3,5955,21-09-2018
264,Indigo,6E-5328,Delhi,Morning,zero,Morning,Mumbai,Economy,2.5,3,5955,22-09-2018
265,AirAsia,I5-764,Delhi,Early_Morning,zero,Early_Morning,Mumbai,Economy,2.17,3,5956,23-09-2018
266,Air_India,AI-887,Delhi,Early_Morning,zero,Morning,Mumbai,Economy,2.08,3,5955,24-09-2018
267,Air_India,AI-665,Delhi,Early_Morning,zero,Morning,Mumbai,Economy,2.17,3,5955,25-09-2018
268,Air_India,AI-805,Delhi,Evening,zero,Night,Mumbai,Economy,2.17,3,5955,26-09-2018
269,Air_India,AI-624,Delhi,Evening,zero,Night,Mumbai,Economy,2.25,3,5955,27-09-2018
270,GO_FIRST,G8-103,Delhi,Evening,one,Early_Morning,Mumbai,Economy,12.33,3,5954,28-09-2018
271,GO_FIRST,G8-113,Delhi,Early_Morning,one,Night,Mumbai,Economy,15.75,3,5954,29-09-2018
272,Air_India,AI-441,Delhi,Evening,one,Night,Mumbai,Economy,3.75,3,5955,30-09-2018
273,Vistara,UK-985,Delhi,Evening,zero,Night,Mumbai,Economy,2.17,3,6375,1/10/2018
274,SpiceJet,SG-8709,Delhi,Evening,zero,Night,Mumbai,Economy,2.17,3,6060,2/10/2018
275,SpiceJet,SG-8483,Delhi,Evening,one,Early_Morning,Mumbai,Economy,13.25,3,6270,3/10/2018
276,Vistara,UK-977,Delhi,Evening,zero,Night,Mumbai,Economy,2.25,3,6690,4/10/2018
277,GO_FIRST,G8-336,Delhi,Afternoon,zero,Evening,Mumbai,Economy,2.25,3,6532,5/10/2018
278,GO_FIRST,G8-330,Delhi,Night,zero,Night,Mumbai,Economy,2.25,3,6532,6/10/2018
279,Vistara,UK-945,Delhi,Morning,zero,Afternoon,Mumbai,Economy,2.33,3,7005,7/10/2018
280,Air_India,AI-868,Delhi,Evening,zero,Evening,Mumbai,Economy,2,3,6795,8/10/2018
281,GO_FIRST,G8-392,Delhi,Afternoon,zero,Evening,Mumbai,Economy,2.25,3,7110,9/10/2018
282,Indigo,6E-2022,Delhi,Early_Morning,one,Evening,Mumbai,Economy,10.25,3,7420,10/10/2018
283,Indigo,6E-2154,Delhi,Morning,one,Afternoon,Mumbai,Economy,5,3,7583,11/10/2018
284,Indigo,6E-6202,Delhi,Morning,zero,Afternoon,Mumbai,Economy,2.17,3,7845,12/10/2018
285,Indigo,6E-5041,Delhi,Evening,zero,Night,Mumbai,Economy,2.17,3,8055,13-10-2018
286,Indigo,6E-2046,Delhi,Evening,zero,Evening,Mumbai,Economy,2.17,3,8370,14-10-2018
287,Indigo,6E-549,Delhi,Afternoon,zero,Evening,Mumbai,Economy,2.25,3,8370,15-10-2018
288,Vistara,UK-933,Delhi,Afternoon,zero,Evening,Mumbai,Economy,2.17,3,9525,16-10-2018
289,Vistara,UK-683,Delhi,Afternoon,one,Afternoon,Mumbai,Economy,25.58,3,9988,17-10-2018
290,AirAsia,I5-747,Delhi,Evening,one,Early_Morning,Mumbai,Economy,12.25,3,9840,18-10-2018
291,Air_India,AI-475,Delhi,Afternoon,one,Afternoon,Mumbai,Economy,24.58,3,9988,19-10-2018
292,Indigo,6E-2373,Delhi,Afternoon,one,Evening,Mumbai,Economy,6,3,10523,20-10-2018
293,Vistara,UK-829,Delhi,Early_Morning,one,Night,Mumbai,Economy,15.5,3,11048,21-10-2018
294,SpiceJet,SG-2976,Delhi,Evening,one,Morning,Mumbai,Economy,15.25,3,10759,22-10-2018
295,Air_India,AI-531,Delhi,Evening,one,Night,Mumbai,Economy,24.75,3,10785,23-10-2018
296,GO_FIRST,G8-719,Delhi,Early_Morning,one,Night,Mumbai,Economy,14.25,3,10863,24-10-2018
297,Indigo,6E-369,Delhi,Night,one,Morning,Mumbai,Economy,10.42,3,10943,25-10-2018
298,Vistara,UK-871,Delhi,Night,one,Afternoon,Mumbai,Economy,17.92,3,11415,26-10-2018
299,Vistara,UK-879,Delhi,Evening,one,Afternoon,Mumbai,Economy,20.83,3,11415,27-10-2018
300,Vistara,UK-871,Delhi,Night,one,Night,Mumbai,Economy,26.42,3,11415,28-10-2018
301,Indigo,6E-2168,Delhi,Evening,one,Night,Mumbai,Economy,4.42,3,11326,29-10-2018
302,Indigo,6E-2193,Delhi,Afternoon,one,Night,Mumbai,Economy,8.33,3,11326,30-10-2018
303,Air_India,AI-9643,Delhi,Evening,one,Afternoon,Mumbai,Economy,20.83,3,11468,31-10-2018
304,Vistara,UK-859,Delhi,Morning,one,Night,Mumbai,Economy,12.58,3,12098,1/11/2018
305,Vistara,UK-815,Delhi,Morning,one,Morning,Mumbai,Economy,24.17,3,12150,2/11/2018
306,SpiceJet,SG-2976,Delhi,Evening,one,Night,Mumbai,Economy,4.5,3,11809,3/11/2018
296811,Air_India,AI-440,Chennai,Morning,one,Afternoon,Mumbai,Economy,5.83,1,258869,28-01-2018
296812,Vistara,UK-836,Chennai,Evening,zero,Night,Mumbai,Economy,2.33,1,910260,29-01-2018
296813,Vistara,UK-832,Chennai,Evening,zero,Night,Mumbai,Economy,2.17,1,610470,30-01-2018
296814,Vistara,UK-838,Chennai,Early_Morning,one,Afternoon,Mumbai,Economy,8,1,710575,31-01-2018
296815,Vistara,UK-834,Chennai,Afternoon,one,Evening,Mumbai,Economy,6,1,910838,1/2/2018
296816,Vistara,UK-838,Chennai,Evening,one,Morning,Mumbai,Economy,14.67,1,912150,2/2/2018
296817,Vistara,UK-834,Chennai,Evening,one,Morning,Mumbai,Economy,16.17,1,912150,3/2/2018
296818,Air_India,AI-538,Chennai,Afternoon,one,Morning,Mumbai,Economy,18,1,812150,4/2/2018
296819,Air_India,AI-538,Chennai,Morning,one,Morning,Mumbai,Economy,23.17,1,812150,5/2/2018
296820,Air_India,AI-538,Chennai,Morning,one,Morning,Mumbai,Economy,24.17,1,712150,6/2/2018
296821,Air_India,AI-766,Chennai,Early_Morning,one,Afternoon,Mumbai,Economy,8.83,1,911900,7/2/2018
296822,Air_India,AI-672,Chennai,Evening,one,Night,Mumbai,Economy,4.5,1,812123,8/2/2018
296823,Vistara,UK-822,Chennai,Evening,one,Morning,Mumbai,Economy,15.25,1,912123,9/2/2018
296824,Vistara,UK-826,Chennai,Night,one,Morning,Mumbai,Economy,11,1,912150,10/2/2018
296825,Vistara,UK-828,Chennai,Afternoon,one,Morning,Mumbai,Economy,19.08,1,712150,11/2/2018
296826,Vistara,UK-822,Chennai,Morning,one,Morning,Mumbai,Economy,22.83,1,912150,12/2/2018
296827,Vistara,UK-828,Chennai,Early_Morning,one,Morning,Mumbai,Economy,26.42,1,912150,13-02-2018
296828,Vistara,UK-824,Chennai,Night,one,Afternoon,Mumbai,Economy,17.75,1,812215,14-02-2018
296829,Vistara,UK-824,Chennai,Evening,one,Afternoon,Mumbai,Economy,19.58,1,712230,15-02-2018
296830,Vistara,UK-826,Chennai,Evening,zero,Night,Mumbai,Economy,2.33,1,2512780,16-02-2018
296831,Vistara,UK-824,Chennai,Afternoon,one,Afternoon,Mumbai,Economy,26.67,1,1412885,17-02-2018
296832,Vistara,UK-822,Chennai,Evening,one,Early_Morning,Mumbai,Economy,15.17,1,1212539,18-02-2018
296833,Vistara,UK-828,Chennai,Evening,one,Afternoon,Mumbai,Economy,20.83,1,1112938,19-02-2018
296834,Vistara,UK-826,Chennai,Night,one,Morning,Mumbai,Economy,11.42,1,912990,20-02-2018
296835,Vistara,UK-836,Chennai,Morning,one,Morning,Mumbai,Economy,22.25,1,1112990,21-02-2018
296836,Vistara,UK-832,Chennai,Early_Morning,one,Morning,Mumbai,Economy,26,1,1112990,22-02-2018
296837,Vistara,UK-836,Chennai,Afternoon,one,Afternoon,Mumbai,Economy,21.75,1,913086,23-02-2018
296838,Vistara,UK-832,Chennai,Afternoon,one,Evening,Mumbai,Economy,3.83,1,813279,24-02-2018
296839,Vistara,UK-834,Chennai,Evening,one,Night,Mumbai,Economy,4.42,1,913279,25-02-2018
296840,Vistara,UK-836,Chennai,Morning,one,Evening,Mumbai,Economy,7.67,1,1213279,26-02-2018
296841,Vistara,UK-834,Chennai,Afternoon,one,Night,Mumbai,Economy,8.33,1,1113279,27-02-2018
296842,Vistara,UK-832,Chennai,Night,one,Morning,Mumbai,Economy,10.42,1,913279,28-02-2018
296843,Air_India,AI-440,Chennai,Afternoon,one,Afternoon,Mumbai,Economy,23.75,1,913673,1/3/2018
296844,Air_India,AI-430,Chennai,Evening,one,Afternoon,Mumbai,Economy,19.5,1,913410,2/3/2018
296845,Air_India,AI-430,Chennai,Early_Morning,one,Afternoon,Mumbai,Economy,6.5,1,913935,3/3/2018
296846,Air_India,AI-538,Chennai,Evening,one,Morning,Mumbai,Economy,12.42,1,914040,4/3/2018
296847,Air_India,AI-440,Chennai,Afternoon,one,Afternoon,Mumbai,Economy,21.08,1,914040,5/3/2018
296848,Air_India,AI-539,Chennai,Evening,one,Night,Mumbai,Economy,26.67,1,1114093,6/3/2018
296849,Air_India,AI-440,Chennai,Evening,one,Night,Mumbai,Economy,28.17,1,1214093,7/3/2018
296850,Air_India,AI-538,Chennai,Evening,one,Night,Mumbai,Economy,28.25,1,1114093,8/3/2018
296851,Air_India,AI-539,Chennai,Afternoon,one,Night,Mumbai,Economy,88,1,13767,9/3/2018
296852,Air_India,AI-538,Chennai,Afternoon,one,Night,Mumbai,Economy,89.25,1,13932,10/3/2018
296853,Air_India,AI-430,Chennai,Night,one,Afternoon,Mumbai,Economy,117.92,1,14408,11/3/2018
296854,Air_India,AI-538,Chennai,Night,one,Night,Mumbai,Economy,86.42,1,14408,12/3/2018
296855,Air_India,AI-539,Chennai,Night,one,Afternoon,Mumbai,Economy,116.17,1,14250,13-03-2018
296856,Air_India,AI-440,Chennai,Morning,one,Evening,Mumbai,Economy,97.08,1,14539,14-03-2018
296857,Vistara,UK-836,Chennai,Early_Morning,one,Night,Mumbai,Economy,113.83,1,14985,15-03-2018
296858,Vistara,UK-832,Chennai,Afternoon,one,Night,Mumbai,Economy,97.58,1,14670,16-03-2018
296859,Vistara,UK-834,Chennai,Evening,one,Morning,Mumbai,Economy,115.83,1,15195,17-03-2018
296860,Vistara,UK-834,Chennai,Evening,zero,Night,Mumbai,Economy,622.25,1,15720,18-03-2018
296861,Vistara,UK-838,Chennai,Evening,one,Night,Mumbai,Economy,124.42,1,15983,19-03-2018
